Method,Accuracy,Precision,Recall,F1 Score,Avg Duration (s)
Pure Embedding,0.3333333333333333,0.2222222222222222,0.13333333333333333,0.16666666666666666,0.08205687999725342
Standard RAG,0.36666666666666664,0.375,0.4,0.3870967741935484,82.28780716260275
Hybrid RAG,0.43333333333333335,0.375,0.2,0.2608695652173913,133.96047960122425
